"Court of Philanthropy",,34.0721681,-118.4435673
"Court of Sciences","617 Charles E Young Dr E, Los Angeles, CA 90095",34.0683494,-118.4422517
"Dickson Court North",,34.0726664,-118.4402231
"Dickson Court South",,34.0716777,-118.4402052
"Wilson Plaza",,34.0722311,-118.4442651
"Flagpole",,34.0721968,-118.4408979
"Founder's Rock",,34.0721365,-118.4378213
"Inverted Fountain",,34.0700765,-118.4407628
"Janss Steps",,34.0721839,-118.4431435
"Kinsey Science Teaching Pavilion","Portola Plaza Bldg, 460 Portola Plaza, Los Angeles, CA 90095",34.0701066,-118.4412542
"La Kretz Garden Pavilion","707 Tiverton Dr, Los Angeles, CA 90095",34.0665843,-118.4415215
"Marshall Field",,34.0719897,-118.4482644
"Mildred E. Matthias Botanical Garden","707 Tiverton Dr, Los Angeles, CA 90095",34.065561,-118.4411459
"Murphy Sculpture Garden","245 Charles E Young Dr E, Los Angeles, CA 90095",34.0751149,-118.4400683
"Shapiro Fountain","340 Royce Dr, Los Angeles, CA 90024",34.0721971,-118.4425548
"Spaulding Field","309 Westwood Plaza, Los Angeles, CA 90095",34.0694729,-118.4468853
"Schoenberg Music Building","445 Charles E. Young Dr E, Los Angeles, CA 90095",34.0706907,-118.4401321
"Anderson School of Management","110 Westwood Plaza, Los Angeles, CA 90095",34.0738084,-118.4436511
"Career Center","501 Westwood Plaza, Los Angeles, CA 90095",34.0685739,-118.4451727
"Counseling and Psychological Services (CAPS)","221 Westwood Plaza, Los Angeles, CA 90095",34.071321,-118.4460267
"College Academic Counseling","536 Hilgard Ave, Los Angeles, CA 90024",34.0716151,-118.438167
"Saffron & Rose Ice Cream","1387 Westwood Blvd, Los Angeles, CA 90024",34.0554393,-118.4420682
"Club California Apartments","10982 Roebling Ave, Los Angeles, CA 90024",34.064554,-118.4491211
"Alpha Chi Omega","638 Hilgard Avenue, Los Angeles, CA 90024",34.0684482,-118.4387173
"Alpha Delta Pi","808 Hilgard Avenue, Los Angeles, CA 90024",34.0661041,-118.4394182
"Alpha Phi","714 Hilgard Avenue, Los Angeles, CA 90024",34.0674889,-118.4387173
"Chi Omega","708 Hilgard Avenue, Los Angeles, CA 90024",34.0677178,-118.4387063
"Delta Delta Delta","862 Hilgard Avenue, Los Angeles, CA 90024",34.0649032,-118.4403372
"Delta Gamma","652 Hilgard Avenue, Los Angeles, CA 90024",34.0680912,-118.4387857
"Gamma Phi Beta","616 Hilgard Avenue, Los Angeles, CA 90024",34.0689864,-118.438706
"Kappa Alpha Theta","736 Hilgard Avenue, Los Angeles, CA 90024",34.0669404,-118.4389911
"Kappa Delta","800 Hilgard Avenue, Los Angeles, CA 90024",34.0662397,-118.4393688
"Kappa Kappa Gamma","744 Hilgard Avenue, Los Angeles, CA 90024",34.0666058,-118.4391047
"Pi Beta Phi","700 Hilgard Avenue, Los Angeles, CA 90024",34.0678898,-118.4387772
"Alpha Epsilon Pi","645 Landfair Avenue, Los Angeles, CA 90024",34.0661255,-118.4488096
"Alpha Gamma Omega","515 Landfair Avenue, Los Angeles, CA 90024",34.068014,-118.4508259
"Beta Theta Pi","581 Gayley Avenue, Los Angeles, CA 90024",34.068537,-118.4493865
"Delta Sigma Phi","620 Landfair Avenue, Los Angeles, CA 90024",34.0670276,-118.4488707
"Delta Tau Delta","649 Gayley Avenue, Los Angeles, CA 90024",34.066745,-118.4480534
"Lambda Chi Alpha","10918 Strathmore Drive, Los Angeles, CA 90024",34.067828,-118.4491706
"Phi Delta Theta","638 Landfair Avenue, Los Angeles, CA 90024",34.0665905,-118.4484139
"Pi Kappa Alpha","555 Gayley Avenue, Los Angeles, CA 90024",34.0688857,-118.4499543
"Pi Kappa Phi","626 Landfair Avenue, Los Angeles, CA 90024",34.0668564,-118.4487254
"Sigma Alpha Epsilon","655 Gayley Avenue, Los Angeles, CA 90024",34.0665866,-118.44784
"Sigma Chi","459 Gayley Avenue, Los Angeles, CA 90024",34.0703832,-118.4524757
"Sigma Nu","601 Gayley Avenue, Los Angeles, CA 90024",34.0680959,-118.4489909
"Sigma Phi Epsilon","522 Landfair Avenue, Los Angeles, CA 90024",34.068188,-118.4502985
"Sigma Pi","612 Landfair Avenue, Los Angeles, CA 90024",34.0672189,-118.4490437
"Theta Chi","663 Gayley Avenue, Los Angeles, CA 90024",34.0663657,-118.4478218
"Theta Delta Chi","547 Gayley Avenue, Los Angeles, CA 90024",34.0689409,-118.4501934
"Theta Xi","629 Gayley Avenue, Los Angeles, CA 90024",34.0674716,-118.4486751
"Triangle","519 Landfair Avenue, Los Angeles, CA 90024",34.0678443,-118.4506818
"Zeta Beta Tau","10924 Strathmore Drive, Los Angeles, CA 90024",34.0676665,-118.4492799
"Ackerman Student Union","308 Westwood Plaza, Los Angeles, CA 90024",34.0703779,-118.4442056
"Acosta Training Center","410 Charles E. Young Dr. West, Los Angeles, CA 90024",34.0704747,-118.4476299
"Ashe Student Health Center","221 Westwood Plaza, Los Angeles, CA 90024",34.0714006,-118.4447485
"Biomedical Cyclotron","780 Westwood Plaza, Los Angeles, CA 90024",34.0657422,-118.4439789
"Biomedical Sciences Research Building (BSRB)","615 Charles E. Young Dr. South, Los Angeles, CA 90024",34.06739,-118.441203
"Boelter Hall (Engineering II & III)","580 Portola Plaza, Los Angeles, CA 90024",34.0692388,-118.4432392
"Boyer Hall","611 Charles E. Young Dr. East, Los Angeles, CA 90024",34.0680878,-118.4416559
"Brain Mapping","660 Charles E. Young Dr. South, Los Angeles, CA 90024",34.0667788,-118.4443802
"Brain Research Institute (BRI)","670 Charles E. Young Dr. South, Los Angeles, CA 90024",34.0673111,-118.4448319
"Broad Art Center","240 Charles E. Young Dr. North, Los Angeles, CA 90024",34.075885,-118.4409969
"Broxton Plaza","911 S. Broxton, Los Angeles, CA 90024",34.0634121,-118.4473088
"Bunche Hall","315 Portola Plaza, Los Angeles, CA 90024",34.0742532,-118.4401193
"Campbell Hall","335 Portola Plaza, Los Angeles, CA 90024",34.0736573,-118.441329
"Capital Programs Building","1060 Veteran Ave., Los Angeles, CA 90024",34.0602193,-118.4484851
"Center for Health Sciences & World Health","10833 Le Conte Ave., Los Angeles, CA 90024",34.066747,-118.44224
"Community Health Sciences (CHS) Building","630 Charles E Young Dr S, Los Angeles, CA 90095",34.0667358,-118.4437698
"School of Nursing","700 Tiverton Ave., Los Angeles, CA 90024",34.066771,-118.441982
"California NanoSystems Institute (CNSI) Building","570 Westwood Plaza, Los Angeles, CA 90024",34.0680384,-118.4429551
"Court of Sciences Student Center","617 Charles E. Young Dr. East, Los Angeles, CA 90024",34.0683494,-118.4422517
"David Geuen School of Medicine","10833 Le Conte Ave., Los Angeles, CA 90024",34.065894,-118.443361
"School of Dentistry","714 Tiverton Ave., Los Angeles, CA 90024",34.066336,-118.4419807
"Dodd Hall","390 Portola Plaza, Los Angeles, CA 90024",34.0726629,-118.4392759
"Doris Stein Eye Research Center","200 Stein Plaza, Los Angeles, CA 90024",34.0645979,-118.4445952
"Drake Track & Field Stadium","340 Charles E. Young Dr. North, Los Angeles, CA 90024",34.0716229,-118.4482597
"EH&S Services Building","550 Charles E. Young Dr. West, Los Angeles, CA 90024",34.0684202,-118.447633
"Emergency Department","757 Westwood Plaza, Los Angeles, CA 90024",34.0666437,-118.4467989
"Engineering IV","420 Westwood Plaza, Los Angeles, CA 90024",34.0687994,-118.4440275
"Engineering V","410 Westwood Plaza, Los Angeles, CA 90024",34.0694535,-118.4437824
"Engineering VI","404 Westwood Plaza, Los Angeles, CA 90024",34.0694996,-118.4445256
"Facilities Management Building","731 Charles E. Young Dr. South, Los Angeles, CA 90024",34.067192,-118.4469286
"Factor Health Sciences Building","700 Tiverton Ave., Los Angeles, CA 90024",34.066771,-118.441982
"Faculty Center","480 Charles E. Young Dr. East, Los Angeles, CA 90024",34.0703209,-118.4392384
"Gayley Faculty Apartments","715 Gayley Ave., Los Angeles, CA 90024",34.0650377,-118.4482221
"Levering Faculty Apartments","827 Levering Ave., Los Angeles, CA 90024",34.0635935,-118.4496926
"Fernald Center","320 Charles E. Young Dr. North, Los Angeles, CA 90024",34.0764386,-118.4433706
"Fielding School of Public Health","640 Charles E. Young Dr. South, Los Angeles, CA 90024",34.0667358,-118.4437698
"Fire Station","1090 Veteran Ave., Los Angeles, CA 90024",34.0597907,-118.4489467
"Fleet Services/Garage","751 Charles E. Young Dr. South, Los Angeles, CA 90024",34.0677623,-118.4476958
"Fowler Museum (Cultural History)","308 Charles E. Young Dr. North, Los Angeles, CA 90024",34.0729241,-118.4430192
"Franz Hall","502 Portola Plaza, Los Angeles, CA 90024",34.0696422,-118.4412792
"Geuen Academy","11000 Kinross Ave., Los Angeles, CA 90024",34.0593345,-118.44679
"Geuen Hall","885 Tiverton Dr., Los Angeles, CA 90024",34.0642451,-118.442334
"Geffen Playhouse","10886 Le Conte Ave., Los Angeles, CA 90024",34.0635118,-118.4443932
"Geology Building","595 Charles E. Young Dr. East, Los Angeles, CA 90024",34.0692135,-118.44059
"Goldberg Medical Building","300 Medical Plaza, Los Angeles, CA 90024",34.0645258,-118.4460644
"Gonda (Goldschmeid) Center","695 Charles E. Young Dr. South, Los Angeles, CA 90024",34.0673704,-118.4446824
"Graduate School of Education & Information Studies (GSE&IS)","290 Charles E. Young Dr. North, Los Angeles, CA 90024",34.0750904,-118.4421242
"Haines Hall","375 Portola Plaza, Los Angeles, CA 90024",34.0728785,-118.4411359
"Hammer Museum","10889 Wilshire Blvd., Los Angeles, CA 90024",34.0594678,-118.4436623
"Hershey Hall","612 Charles E. Young Dr. East, Los Angeles, CA 90024",34.0669353,-118.4400312
"Hillblom Islet Research Center","900 Weyburn Place North, Los Angeles, CA 90024",34.062928,-118.4496577
"Hilgard Bus Terminal","403 Hilgard Ave., Los Angeles, CA 90024",34.071141,-118.43842
"Holmby Park",,34.0724488,-118.4296362
"Intramural Field (IM)",,34.0721882,-118.4468518
"Jules Stein Eye Institute","100 Stein Plaza, Los Angeles, CA 90024",34.0651092,-118.4439674
"Renee And David Kaplan Hall (Humanities)","415 Portola Plaza, Los Angeles, CA 90024",34.0713898,-118.4411799
"Kaufman Hall","120 Westwood Plaza, Los Angeles, CA 90024",34.0728633,-118.4440614
"Kerckhoff Hall","308 Westwood Plaza, Los Angeles, CA 90024",34.0704371,-118.4436004
"Kinross Recreation Center","11100 Kinross Ave., Los Angeles, CA 90024",34.059165,-118.4481586
"Kinross South","11020 Kinross Ave., Los Angeles, CA 90024",34.0587068,-118.4463456
"Knudsen Hall","475 Portola Plaza, Los Angeles, CA 90024",34.0705889,-118.4410971
"La Kretz Hall (Botany Building)","619 Charles E. Young Dr. East, Los Angeles, CA 90024",34.0675862,-118.4426849
"School of Law","385 Charles E. Young Dr. East, Los Angeles, CA 90024",34.0730485,-118.4384322
"Life Sciences Building","621 Charles E. Young Dr. South, Los Angeles, CA 90024",34.0672324,-118.442194
"Los Angeles Tennis Center (Straus Stadium)","420 Charles E. Young Dr. West, Los Angeles, CA 90024",34.0703932,-118.4484099
"Meyer & Renee Luskin Conference Center","425 Westwood Plaza, Los Angeles, CA 90024",34.069179,-118.445718
"Luskin School of Public Affairs","337 Charles E. Young Dr. East, Los Angeles, CA 90024",34.0744024,-118.4390865
"Los Angeles National Cemetery","950 S Sepulveda Blvd, Los Angeles, CA 90049",34.061907,-118.454024
"Lu Valle Commons","398 Portola Plaza, Los Angeles, CA 90024",34.0736624,-118.4392434
"MacDonald Medical Research Labs (MRL)","675 Charles E. Young Dr. South, Los Angeles, CA 90024",34.0673739,-118.4440028
"MacGowan Hall","245 Charles E. Young Dr. East, Los Angeles, CA 90024",34.0758815,-118.4396813
"MacGowan East","243 Charles E. Young Dr. East, Los Angeles, CA 90024",34.076107,-118.4393243
"Manoukian Medical Building","100 Medical Plaza, Los Angeles, CA 90024",34.0655792,-118.4458242
"Marion Davies Children’s Center","805 Tiverton Ave., Los Angeles, CA 90024",34.0651818,-118.4424405
"Mathematical Sciences Building (Math and Sciences)","520 Portola Plaza, Los Angeles, CA 90024",34.0696014,-118.4428743
"Mattel Children’s Hospital","757 Westwood Plaza, Los Angeles, CA 90024",34.0662788,-118.4470304
"Melnitz Hall","235 Charles E. Young Dr. East, Los Angeles, CA 90024",34.0763666,-118.4399691
"Melnitz East","235 Charles E. Young Dr. East, Los Angeles, CA 90024",34.0764308,-118.4393903
"Mo Ostin Basketball Center","440 Charles E. Young Dr. West, Los Angeles, CA 90024",34.0704197,-118.4426416
"Molecular Sciences Building (MSB)","609 Charles E. Young Dr. East, Los Angeles, CA 90024",34.0681597,-118.4408573
"Moore Hall","457 Portola Plaza, Los Angeles, CA 90024",34.0704197,-118.4426416
"Morgan Intercollegiate Athletics Center","301½ Westwood Plaza, Los Angeles, CA 90024",34.0704197,-118.4426416
"Morton Medical Building (MP200)","200 Medical Plaza, Los Angeles, CA 90024",34.0651989,-118.4467765
"Murphy Hall","410 Charles E. Young Dr. East, Los Angeles, CA 90024",34.0716091,-118.4387084
"Neuroscience Research Building","635 Charles E. Young Dr. South, Los Angeles, CA 90024",34.0671168,-118.4436175
"North Campus Student Center","295 Charles E. Young Dr. North, Los Angeles, CA 90024",34.0743246,-118.4420985
"Occupational Health Facility","67-120 Center for Health Sciences, Los Angeles, CA 90024",34.0655157,-118.4426074
"Ornamental Horticulture Building “J”","267 De Neve Dr., Los Angeles, CA 90024",34.0724676,-118.4537267
"Ornamental Horticulture Building “M","265 De Neve Dr., Los Angeles, CA 90024",34.0724784,-118.4534928
"Orthopaedic Hospital Research Center (OHRC)","615 Charles E. Young Dr., South, Los Angeles, CA 90024",34.0671588,-118.4413307
"Oppenheimer Tower","10880 Wilshire Blvd., Los Angeles, CA 90024",34.0585179,-118.4429337
"Ostin Music Center","445 Charles E. Young Dr. East, Los Angeles, CA 90024",34.0702448,-118.4403208
"Pauley Pavilion","301 Westwood Plaza, Los Angeles, CA 90024",34.0704818,-118.4468023
"Perloff Hall","365 Portola Plaza, Los Angeles, CA 90024",34.073456,-118.4401909
"Physics & Astronomy Building (PAB)","430 Portola Plaza, Los Angeles, CA 90024",34.0706955,-118.44158
"Plant Growth Center","614 Charles E. Young Dr. South, Los Angeles, CA 90024",34.0663022,-118.4402734
"Police Station","601 Westwood Plaza, Los Angeles, CA 90024",34.0673085,-118.4454037
"Portola Plaza Building","460 Portola Plaza, Los Angeles, CA 90024",34.0702173,-118.4418507
"Powell Library","10740 Dickson Plaza, Los Angeles, CA 90024",34.0716126,-118.4421809
"Reed Neurological Research Center","710 Westwood Plaza, Los Angeles, CA 90024",34.0662753,-118.44477
"Rehabilitation Center","1000 Veteran Ave., Los Angeles, CA 90024",34.0604386,-118.4489856
"Resnick Neuropsychiatric Hospital","150 UCLA Medical Plaza, Los Angeles, CA 90024",34.0661681,-118.4464463
"Rolfe Hall","345 Portola Plaza, Los Angeles, CA 90024",34.0737017,-118.4420678
"Ronald Reagan UCLA Medical Center","757 Westwood Plaza, Los Angeles, CA 90024",34.0662795,-118.4463178
"Royce Hall","10745 Dickson Plaza, Los Angeles, CA 90024",34.0728088,-118.4421592
"Schoenberg Music Building","445 Charles E. Young Dr. East, Los Angeles, CA 90024",34.0707483,-118.4401261
"Science & Technology Research Building (STRB)","1040 Veteran Ave., Los Angeles, CA 90024",34.0607678,-118.4484049
"Semel Institute","760 Westwood Plaza, Los Angeles, CA 90024",34.0658662,-118.4446615
"Slichter Hall","603 Charles E. Young Dr. East, Los Angeles, CA 90024",34.0689305,-118.4407805
"Southern Regional Library Facility (SRLF)","305 De Neve Dr., Los Angeles, CA 90024",34.0710282,-118.4541896
"Spieker Aquatics Center","114 Easton Dr., Los Angeles, CA 90024",34.0749062,-118.450578
"Strathmore Building","501 - 555 Westwood Plaza, Los Angeles, CA 90024",34.0682478,-118.4452144
"Student Activities Center (SAC)","220 Westwood Plaza, Los Angeles, CA 90024",34.0715644,-118.4440863
"Sunset Canyon Recreation Center","111 Easton Dr., Los Angeles, CA 90024",34.0752324,-118.4510578
"Terasaki Life Sciences Building","610 Charles E. Young Dr. East, Los Angeles, CA 90024",34.0671903,-118.4403727
"Tiverton Patient Family Guest House","900 Tiverton Ave., Los Angeles, CA 90024",34.0630925,-118.4421359
"Transit Operations Maintenance Yard","11075 Kinross Ave., Los Angeles, CA 90024",34.0594811,-118.4483717
"UCLA Extension (UNEX) Admin","10960 Wilshire Blvd. 16/17th Floor, Los Angeles, CA 90024",34.0578191,-118.4460183
"UCLA Extension Lindbrook Center","10920 Lindbrook Dr., Los Angeles, CA 90024",34.059297,-118.445254
"UCLA Extension Gayley Center","1145 Gayley Ave., Los Angeles, CA 90024",34.0595924,-118.4463684
"UCLA Guest House","330 Charles E. Young Dr. East, Los Angeles, CA 90024",34.0745182,-118.4385016
"UCLA Lab School (UES)","305 Sycamore Court, Los Angeles, CA 90024",34.075333,-118.444123
"UCLA Westwood Center","924 Westwood Blvd., Los Angeles, CA 90024",34.0621901,-118.4449848
"Ueberroth Building","10945 Le Conte Ave., Los Angeles, CA 90024",34.0640265,-118.4469932
"University Residence","10570 Sunset Blvd., Los Angeles, CA 90024",34.0771964,-118.4412509
"Village Terrace Appartments","919-923 Levering Ave., Los Angeles, CA 90024",34.06282,-118.448915
"Wallis Annenberg Stadium",,34.0726059,-118.4449838
"Warren Hall","900 Weyburn Place North, Los Angeles, CA 90024",34.0625088,-118.4499425
"Wasserman Building","300 Stein Plaza, Los Angeles, CA 90024",34.0653176,-118.4446039
"Wasserman Football Center","430 Charles E. Young Dr. West, Los Angeles, CA 90024",34.0653176,-118.4446039
"James West Alumni Center","325 Westwood Plaza, Los Angeles, CA 90024",34.0702313,-118.445186
"West Medical Building","1010 Veteran Ave., Los Angeles, CA 90024",34.0604168,-118.4472229
"West Medical Steam Plant","1021 Weyburn Place South, Los Angeles, CA 90024",34.061004,-118.4482162
"Weyburn Terrace Housing Complex",,34.0631587,-118.4508505
"Wilshire Center","10920 Wilshire Blvd., Los Angeles, CA 90024",34.0581942,-118.4444166
"Wooden Recreation and Sports Center","221 Westwood Plaza, Los Angeles, CA 90024",34.0715969,-118.4452261
"Young Hall","607 Charles E. Young Dr. East, Los Angeles, CA 90024",34.0685828,-118.4415114
"Young Research Library (YRL)","280 Charles E. Young Dr. North, Los Angeles, CA 90024",34.0749691,-118.441466
"700 Westwood Plaza","700 Westwood Plaza, Los Angeles, CA 90024",34.0667059,-118.4447794
"W Los Angeles","930 Hilgard Ave, Los Angeles, CA 90024",34.063259,-118.441103
"The Hideout","930 Hilgard Ave., Los Angeles, CA 90024",34.0633123,-118.440862
"Barney’s Beanery","1037 Broxton Ave., Los Angeles, CA 90024",34.0617022,-118.446657
"BJ’s Restaurant & Brewhouse","939 Broxton Ave., Los Angeles, CA 90024",34.0629112,-118.4472063
"California Pizza Kitchen (CPK)","1001 Broxton Ave., Los Angeles, CA 90024",34.062305,-118.447162
"Chick-fil-A","900 Westwood Blvd., Los Angeles, CA 90024",34.0635092,-118.4451436
"Corner Bakery Café","1019 Westwood Blvd., Los Angeles, CA 90024",34.062222,-118.445615
"Denny’s","1060 Tiverton Ave., Los Angeles, CA 90024",34.0602266,-118.4430663
"Fat Sal’s Deli","972 Gayley Ave., Los Angeles, CA 90024",34.0625171,-118.4480269
"Fatburger","10955 Kinross Ave., Los Angeles, CA 90024",34.0601698,-118.446893
"Headlines Diner","10922 Kinross Ave., Los Angeles, CA 90024",34.0602128,-118.4462451
"Ike’s Place Sandwich Shop","1151 Westwood Blvd., Los Angeles, CA 90024",34.059713,-118.445118
"In-N-Out","922 Gayley Ave., Los Angeles, CA 90024",34.0630971,-118.4480814
"Jersey Mike’s","1020 Glendon Ave., Los Angeles, CA 90024",34.0616478,-118.4440926
"Napa Valley Grille","1100 Glendon Ave., Los Angeles, CA 90024",34.060327,-118.443735
"Noah’s Bagels","10910 Lindbrook Dr., Los Angeles, CA 90024",34.0593537,-118.4449115
"Skylight Gardens","1139 Glendon Ave., Los Angeles, CA 90024",34.0600409,-118.4439699
"Subway","1165 Westwood Blvd., Los Angeles, CA 90024",34.0593524,-118.4446902
"Tender Greens","1109 Glendon Ave., Los Angeles, CA 90024",34.0604948,-118.4445603
"The Boiling Crab","10875 Kinross Ave., Los Angeles, CA 90024",34.0609237,-118.4445698
"Hangry Moons","970 Gayley Ave., Los Angeles, CA 90024",34.0625802,-118.448037
"Trimana Grill UCLA Wilshire Center","10920 Wilshire Blvd., #1000, Los Angeles, CA 90024",34.0581554,-118.4446558
"Seventy7 West","1000 Gayley Ave., Los Angeles, CA 90024",34.0619406,-118.4476087
"Comoncy","10900 Wilshire Blvd. #170A, Los Angeles, CA 90024",34.0583327,-118.4440573
"Living Room Bar","930 Hilgard Ave., Los Angeles, CA 90024",34.0633123,-118.440862
"Audrey at the Hammer","10899 Wilshire Blvd., Los Angeles, CA 90024",34.0591217,-118.4436674
"Ami Japanese Restaurant & Sushi Bar","1051 Broxton Ave., Los Angeles, CA 90024",34.0615407,-118.446501
"First Szechuan Wok","10855 Lindbrook Dr., Los Angeles, CA 90024",34.0602663,-118.442803
"Flame Broiler","10948 Weyburn Ave., Los Angeles, CA 90024",34.0624602,-118.446854
"Gushi Korean BBQ & Teriyaki","978 Gayley Ave., Los Angeles, CA 90024",34.0622639,-118.4478882
"KazuNori Sushi Westwood","1110 Gayley Ave., Los Angeles, CA 90024",34.0599903,-118.4460647
"Mr. Noodle","936 Broxton Ave., Los Angeles, CA 90024",34.0629584,-118.4468617
"Northern Cafe Dumpling House","1064 Gayley Ave, Los Angeles, CA 90024",34.0609481,-118.4468735
"Meat Your Seoul","1101 Gayley Ave., Los Angeles, CA 90024",34.0599296,-118.4465677
"Onkei Ramen & Sushi","10942 Weyburn Ave., Los Angeles, CA 90024",34.0624541,-118.4466502
"Poke Bar","1135 Westwood Blvd., Los Angeles, CA 90024",34.0599768,-118.4452511
"San Sai Japanese Grill","10904 Lindbrook Dr., Los Angeles, CA 90024",34.0593505,-118.4449146
"Tomodachi Sushi","10975 Weyburn Ave., Los Angeles, CA 90024",34.0622436,-118.4478007
"NUSHII: Sushi Burritos & Bowls","1055 Broxton Ave., Los Angeles, CA 90024",34.0614745,-118.4464653
"Sweetfin Poke","1146 Westwood Blvd., Los Angeles, CA 90024",34.059878,-118.444609
"BIBIBOP Asian Grill","1059 Broxton Ave., Los Angeles, CA 90024",34.061434,-118.446446
"Kopan Ramen","1091 Broxton Ave., Los Angeles, CA 90024",34.0609989,-118.4460249
"Kaido Japanese Cuisine","1049 Gayley Ave., Los Angeles, CA 90024",34.0610395,-118.4474114
"STK Los Angeles","930 Hilgard Ave., Los Angeles, CA 90024",34.0633123,-118.440862
"The Tuck Room Tavern","10840 Wilshire Blvd., Los Angeles, CA 90024",34.0592367,-118.4413426
"Rocco’s Tavern","1000 Gayley Ave., Los Angeles, CA 90024",34.0618939,-118.4476878
"Fellow Los Angeles","1071 Glendon Ave., Los Angeles, CA 90024",34.0611797,-118.4445541
"Broxton","1099 Westwood Blvd., Los Angeles, CA 90024",34.0611317,-118.4456822
"It's Boba Time","10946 Weyburn Ave., Los Angeles, CA 90024",34.0624556,-118.4467879
"CoCo Fresh Tea & Juice","10912 Le Conte Ave, Los Angeles, CA 90024",34.063559,-118.4457305
"Coffee Bean & Tea Leaf","950 Westwood Blvd., Los Angeles, CA 90024",34.0627396,-118.4450414
"Espresso Profeta","1129 Glendon Ave., Los Angeles, CA 90024",34.0603134,-118.4441764
"Northern Cafe","10965 Weyburn Ave., Los Angeles, CA 90024",34.0624922,-118.4476723
"Nekter Juice Bar","10912 Lindbrook Dr, Los Angeles, CA 90024",34.059354,-118.44508
"Peet’s Coffee & Tea","1154 Westwood Blvd., Los Angeles, CA 90024",34.059833,-118.4445413
"Pressed Juicery","10878 Kinross Avenue, Los Angeles, CA 90024",34.060638,-118.4447422
"Starbucks Coffee Weyburn Ave","10955 Weyburn Ave, Los Angeles, CA 90024",34.062529,-118.447346
"Starbucks Coffee Westwood Blvd","1161 Westwood Blvd., Los Angeles, CA 90024",34.05944,-118.444752
"Lollicup Fresh","1131 Westwood Blvd, Los Angeles, CA 90024",34.070418,-118.4441451
"Ministry of Coffee Los Angeles","1010 Glendon Ave., Los Angeles, CA 90024",34.0619017,-118.44397
"Atrium at Center West","10877 Wilshire Blvd., Atrium level, Los Angeles, CA 90024",34.0594366,-118.4423609
"Sip Matcha","10967 Weyburn Ave., Los Angeles, CA 90024",34.0623696,-118.4476211
"Angeleno Smile","10921 Wilshire Blvd., Ste. 409, Los Angeles, CA 90024",34.0590012,-118.4449164
"ASK Dental Group","10921 Wilshire Blvd., Ste. 1008, Los Angeles, CA 90024",34.0589079,-118.4452941
"Glamorous Westwood Village Smiles","1033 Gayley Ave., Ste. 102, Los Angeles, CA 90024",34.0611887,-118.4477329
"Zakhor Dental Group","10921 Wilshire Blvd., Ste. 904, Los Angeles, CA 90024",34.0590006,-118.4449171
"360 Westwood Orthodontics","1033 Gayley Ave Ste. 106, Los Angeles, CA 90024",34.0526221,-118.4396837
"CorePower Yoga","1031 Glendon Ave., Los Angeles, CA 90024",34.0620328,-118.4443532
"Equinox","10960 Wilshire Blvd., Los Angeles, CA 90024",34.0579104,-118.4459256
"LA Fitness","10921 Wilshire Blvd., Los Angeles, CA 90024",34.0586,-118.4453412
"The Yoga Court","10956 1/2 Weyburn Ave., Los Angeles, CA 90024",34.0621425,-118.447203
"Lagree Fitness","1001 Gayley Ave #104, Los Angeles, CA 90024",34.0616316,-118.448026
"Westwood Healing Center","10921 Weyburn Ave., Los Angeles, CA 90024",34.0627179,-118.4462165
"The Farmacy","1035 Gayley Ave., Los Angeles, CA 90024",34.0610488,-118.4475553
"Daniel Acupuncture and Herbalism Westwood","1008 Broxton Ave, Los Angeles, CA 90024",34.0623001,-118.446691
"Bollywood Bites","1051 Gayley Ave., Los Angeles, CA 90024",34.061021,-118.447391
"D’Amore’s Pizza","1136 Westwood Blvd., Los Angeles, CA 90024",34.0601101,-118.4446838
"Enzo’s Pizzeria","10940 Weyburn Ave., Los Angeles, CA 90024",34.062382,-118.446583
"House of Meatballs","1076 Gayley Ave., Los Angeles, CA 90024",34.0608314,-118.4467591
"Italian Express","10845 Lindbrook Dr., Los Angeles, CA 90024",34.060316,-118.442658
"Lamonica’s NY Pizza","1066 Gayley Ave., Los Angeles, CA 90024",34.060902,-118.4468378
"Tanino Ristoronte Bar","1043 Westwood Blvd., Los Angeles, CA 90024",34.0616951,-118.44562
"Westwood Pizzeria","10974 Le Conte Ave., Los Angeles, CA 90024",34.0635015,-118.4477991
"Chipotle Mexican Grill","1077 Broxton Ave., Los Angeles, CA 90024",34.0610586,-118.4463143
"El Pollo Loco","1081 Gayley Ave., Los Angeles, CA 90024",34.060563,-118.4469783
"Frida Mexican Cuisine","10853 Lindbrook Dr., Los Angeles, CA 90024",34.0603218,-118.4426588
"Pinches Tacos Westwood","1030 Glendon Ave., Los Angeles, CA 90024",34.061563,-118.444109
"Taco Bell","10937 Weyburn Ave., Los Angeles, CA 90024",34.062735,-118.4467102
"TLT Food","1116 Westwood Blvd., Los Angeles, CA 90024",34.0603987,-118.4450372
"Tocaya Organica Westwood Village","1140 Gayley Ave., #101B, Los Angeles, CA 90024",34.0595171,-118.4456578
"UCLA Blood & Platelet Center","1045 Gayley Avenue, 2nd Floor, Los Angeles, CA 90024",34.0610898,-118.4474547
"University Vascular Associates","1082 Glendon Avenue, Los Angeles, CA 90024",34.0607229,-118.4442087
"Terasaki Research Institute","1018 Westwood Blvd, Los Angeles, CA 90024",34.0620176,-118.4449322
"Bella Pita","960 Gayley Ave., Los Angeles, CA 90024",34.0627929,-118.448087
"CAVA","1073 Broxton Ave., Los Angeles, CA 90024",34.0611357,-118.4462401
"Falafel King","1010 Broxton Ave., Los Angeles, CA 90024",34.062206,-118.4466812
"Gypsy Café","940 Broxton Ave., Los Angeles, CA 90024",34.0628724,-118.4468587
"Habibi Café","923 Broxton Ave., Los Angeles, CA 90024",34.0631435,-118.4472578
"Crazy Falafel","10917 Lindbrook Dr., Los Angeles, CA 90024",34.0596525,-118.4451792
"SpireWorks: Döner American Style","1061 Broxton Ave., Los Angeles, CA 90024",34.0613867,-118.4463592
"Cravings Grill","10850 Wilshire Blvd. # 102, Los Angeles, CA 90024",34.059126,-118.441839
"Regency Bruin Movie Theater","948 Broxton Ave., Los Angeles, CA 90024",34.0627632,-118.446843
"iPic Movie Theater","10840 Wilshire Blvd., Los Angeles, CA 90024",34.0592912,-118.4412094
"Fox Village Movie Theater","961 Broxton Ave., Los Angeles, CA 90024",34.062676,-118.4472527
"Italian Cultural Institute","1023 Hilgard Ave., Los Angeles, CA 90024",34.0609944,-118.4419469
"Landmark Regent Movie Theater","1045 Broxton Ave., Los Angeles, CA 90024",34.0615941,-118.4465659
"Hammer Museum","10899 Wilshire Blvd., Los Angeles, CA 90024",34.0594678,-118.4436623
"Taiwan Academy","1139 Westwood Blvd., Los Angeles, CA 90024",34.0599067,-118.4451801
"Upside Down","10962 Le Conte Ave., Los Angeles, CA 90024",34.0634223,-118.4475013
"Dr. Lawrence Phillips OD Optometrist","929 Westwood Blvd., Los Angeles, CA 90024",34.0631074,-118.4455554
"Eyes Of Westwood Optometry","10930 Weyburn Ave., Los Angeles, CA 90024",34.0623785,-118.4464062
"Village Eyes Optometry","1059 Gayley Ave., Los Angeles, CA 90024",34.0608657,-118.4472509
"Westwood Optometric Eye Center","918 Westwood Blvd., Los Angeles, CA 90024",34.0566892,-118.4422598
"Dr. Martin Hyman Optometrist","1061 Westwood Blvd, Los Angeles, CA 90024",34.0613557,-118.4456217
"Amazon Westwood Hub Locker","923 Westwood Blvd., Los Angeles, CA 90024",34.0632441,-118.4456514
"Geffen Playhouse Theater","10886 Le Conte Ave., Los Angeles, CA 90024",34.0635118,-118.4443932
"The Improv Space","954 Gayley Ave., Los Angeles, CA 90024",34.0628861,-118.4481043
"GNC","10938 Weyburn Ave., Los Angeles, CA 90024",34.0624535,-118.446541
"CVS","1001 Westwood Blvd., Los Angeles, CA 90024",34.0623541,-118.445726
"Westwood Center Pharmacy","10921 Wilshire Blvd., Los Angeles, CA 90024",34.0588695,-118.4445554
"Rite Aid","1001 Glendon Ave., Los Angeles, CA 90024",34.0624105,-118.4442371
"Ralphs Fresh Fare","10861 Le Conte Ave., Los Angeles, CA 90024",34.0630407,-118.4440547
"City Target Westwood","10861 Weyburn Ave., Los Angeles, CA 90024",34.0627963,-118.4438422
"Capelli Lounge","1001 Gayley Ave., Los Angeles, CA 90024",34.0617133,-118.4481547
"Dtox Foot Massage & Reflexology Therapy","956 Gayley Ave., Los Angeles, CA 90024",34.0628506,-118.4480862
"European Wax Center","1126 Westwood Blvd., Los Angeles, CA 90024",34.0602113,-118.4448794
"Fama Beauty Center","956 Gayley Ave., Los Angeles, CA 90024",34.0627634,-118.448078
"Freddy & Liana’s","10913 Weyburn Ave, Los Angeles, CA 90024",34.0627241,-118.445958
"Sigal Gevojanyan Salon","1051 Westwood Blvd, Los Angeles, CA 90024",34.0614991,-118.4456044
"Goddess Lynne BODY and SKIN","1051 Glendon Ave., Suite 105, Los Angeles, CA 90024",34.0617367,-118.4443908
"Hair By Shawn","1051 Glendon Ave., Suite 107, Los Angeles, CA 90024",34.0618044,-118.4445477
"Henri Salon De Beaute","1080 Glendon Ave., Los Angeles, CA 90024",34.0608999,-118.4442742
"Jersi Salon","1051 Glendon Ave., Suite 116, Los Angeles, CA 90024",34.06173,-118.4445665
"Kami Hairstyling","1093 Gayley Ave., Los Angeles, CA 90024",34.0603593,-118.4468159
"La Belle Hair & Skin & Waxing Salon","10944 Weyburn Ave., Los Angeles, CA 90024",34.0624485,-118.4467171
"Mark Slicker Salon","1107 Gayley Ave., Los Angeles, CA 90024",34.0598915,-118.4464784
"Oakley’s Barber Shop","1061 Gayley Ave., Los Angeles, CA 90024",34.0608175,-118.4472089
"Parvaneh Salon","1051 Glendon Ave., Suite 104, Los Angeles, CA 90024",34.0616322,-118.4445303
"Phenix Salon Suites","1051 Glendon Ave, Los Angeles, CA 90024",34.0614951,-118.4444499
"Salon Ash","10911 Kinross Ave., Los Angeles, CA 90024",34.0606592,-118.4460676
"Sheveux Salon","1051 Glendon Ave., Suite 109, Los Angeles, CA 90024",34.0615462,-118.4446127
"Sontre Nail Spa Skin Care & Salon","943 Westwood Blvd., Los Angeles, CA 90024",34.0629199,-118.4455667
"Studio One Eleven","1051 Glendon Ave., Suite 111, Los Angeles, CA 90024",34.0617666,-118.4445571
"The Bees Knees Studio","1051 Glendon Ave., Suite 122, Los Angeles, CA 90024",34.0617711,-118.4443814
"The Tanning Boutique","1132 Westwood Blvd., Los Angeles, CA 90024",34.0601579,-118.4448527
"Massage Envy","933 Westwood Blvd., Los Angeles, CA 90024",34.0630759,-118.4455811
"Golden System Beauty Center","10889 Weyburn Ave., Los Angeles, CA 90024",34.0631201,-118.4449647
"Black Stag Barbershop","1051 Glendon Ave., # 124, Los Angeles, CA 90024",34.061632,-118.44453
"The Sweetest Lash","1051 Glendon Avenue, Suites 103 & 112, Los Angeles, CA 90024",34.0616322,-118.4445303
"ULTA Beauty","10925 Kinross Ave, Los Angeles, CA 90024",34.0605603,-118.4464155
"Elysee Bakery & Café","1099 Gayley Ave., Los Angeles, CA 90024",34.0602599,-118.4467218
"Diddy Riese Cookies","926 Broxton Ave., Los Angeles, CA 90024",34.0630585,-118.446859
"Le Pain Quotidien","1122 Gayley Ave., Los Angeles, CA 90024",34.0595321,-118.4456246
"Simplethings Restaurant","10874 Kinross Ave., Los Angeles, CA 90024",34.0606566,-118.4446781
"Stan’s Donuts","10948 Weyburn Ave., Los Angeles, CA 90024",34.0624404,-118.446873
"7-Eleven","951 Westwood Blvd., Los Angeles, CA 90024",34.0553157,-118.4412805
"Native Foods Café","1114 Gayley Ave., Los Angeles, CA 90024",34.0598901,-118.4459704
"Veggie Grill","10916 Lindbrook Dr., Los Angeles, CA 90024",34.0593235,-118.4452128
"Brandy Melville","10958 Weyburn Ave., Los Angeles, CA 90024",34.0621735,-118.447406
"American Vintage","945 Broxton Ave., Los Angeles, CA 90024",34.0628082,-118.4472124
"Francesca’s","1027 Westwood Blvd., Los Angeles, CA 90024",34.0620014,-118.4456291
"Scrubs Unlimited","10930 Weyburn Ave., Los Angeles, CA 90024",34.062458,-118.446413
"Sports Rush","10917 Weyburn Ave., Los Angeles, CA 90024",34.0627347,-118.4460674
"UCLA Campus Store","927 Westwood Blvd., Los Angeles, CA 90024",34.0704453,-118.444565
"Urban Outfitters Men and Women","1028-1038 Westwood Blvd., Los Angeles, CA 90024",34.0617877,-118.445018
"Victoria’s Secret & PINK","1046 Westwood Blvd., Los Angeles, CA 90024",34.0616461,-118.4451057
"LF Outlet","919 Westwood Blvd., Los Angeles, CA 90024",34.0633747,-118.4455579
"Footaction","1087 Broxton Ave, Los Angeles, CA 90024",34.0609648,-118.445954
"Aahs! Gift Store","1090 Westwood Blvd., Los Angeles, CA 90024",34.0609532,-118.4451322
"Flax Pen to Paper","1078 Gayley Ave., Los Angeles, CA 90024",34.0607294,-118.446693
"Westwood Flower Garden","1087 Gayley Ave, Los Angeles, CA 90024",34.0604112,-118.4468562
"Paper Source","1033 Westwood Blvd., Los Angeles, CA 90024",34.0618488,-118.4456242
"Annex Little Branch Vintage","1087 Gayley Ave, Los Angeles, CA 90024",34.0604704,-118.4469001
"Rocket Fizz","1067 Broxton Ave., Los Angeles, CA 90024",34.0612885,-118.4462841
"MAC Cosmetics","1035 Westwood Blvd., Los Angeles, CA 90024",34.0617896,-118.4456234
"Heather Taylor Home","1101 Glendon Ave., Los Angeles, CA 90024",34.0606635,-118.44457
"AxelBloom Beds & Sofas","1105 Gayley Ave., Los Angeles, CA 90024",34.0599424,-118.4465168
"Sur La Table","1000 Westwood Blvd, Los Angeles, CA 90024",34.0624022,-118.4450965
"Trader Joe’s","1000 Glendon Ave., Los Angeles, CA 90024",34.0622696,-118.4437742
"Whole Foods Market","1050 Gayley Ave., Los Angeles, CA 90024",34.0611873,-118.4469309
"Michael K. Jewelers","1093 1/2 Broxton Ave., Los Angeles, CA 90024",34.0609167,-118.4459276
"Morgan & Company Jewellers","1131 Glendon Ave., Los Angeles, CA 90024",34.0602405,-118.4440854
"Muriel Chastanet Fine Jewelry","1111 Glendon Ave., Los Angeles, CA 90024",34.0604957,-118.4443524
"Sarah Leonard Fine Jewelers","1055 Westwood Blvd., Los Angeles, CA 90024",34.0614117,-118.445606
"The Vape Lounge","966 Gayley Ave., Los Angeles, CA 90024",34.0626592,-118.4480455
"Smoke Spot","10953 Kinross Ave, Los Angeles, CA 90024",34.0601998,-118.4468183
"AT&T Wireless Store","1100 Westwood Blvd., Los Angeles, CA 90024",34.0605653,-118.4450284
"Cell Tech","950 Gayley Ave., Los Angeles, CA 90024",34.0629749,-118.4481124
"Image Wireless","1006 Broxton Ave., Los Angeles, CA 90024",34.0623234,-118.4467766
"Group Micro Computers","1036 Broxton Ave., Ste C, Los Angeles, CA 90024",34.061717,-118.446214
"T-Mobile","1142 Westwood Blvd., Los Angeles, CA 90024",34.060011,-118.444613
"Verizon","1095 Broxton Ave, Ste 228, Los Angeles, CA 90024",34.0607658,-118.4459047
"Westwood Wireless","10907 Weyburn Ave., Los Angeles, CA 90024",34.0627351,-118.4458386
"Bank of America Westwood Blvd","930 Westwood Blvd., Los Angeles, CA 90024",34.0630163,-118.4450823
"Bank of America Wilshire Blvd","10960 Wilshire Blvd., Los Angeles, CA 90024",34.0581023,-118.4456375
"Chase Bank","10901 Wilshire Blvd., Los Angeles, CA 90024",34.058973,-118.444463
"Citibank Wilshire Blvd","10900 Wilshire Blvd., Los Angeles, CA 90024",34.058463,-118.444017
"Citibank Westwood Blvd","1072 Westwood Blvd., Los Angeles, CA 90024",34.0612,-118.445122
"City National Bank","10889 Wilshire Blvd., Los Angeles, CA 90024",34.0592649,-118.4431252
"Comerica Bank","1021 Glendon Ave., Los Angeles, CA 90024",34.0621535,-118.4443599
"Union Bank","10900 Wilshire Blvd., Los Angeles, CA 90024",34.0583327,-118.4440573
"US Bank","10866 Wilshire Blvd., Los Angeles, CA 90024",34.0588444,-118.4421313
"Wells Fargo Wilshire","10920 Wilshire Blvd., Los Angeles, CA 90024",34.0581942,-118.4444166
"Wells Fargo Le Conte","10906 Le Conte Ave., Los Angeles, CA 90024",34.0635167,-118.445693
"First Foundation Bank","10850 Wilshire Blvd #100, Los Angeles, CA 90024",34.0591835,-118.4415934
"Copymat","10919 Weyburn Ave., Los Angeles, CA 90024",34.0627482,-118.4461484
"FedEx Office Print & Ship Center","10924 Weyburn Ave., Los Angeles, CA 90024",34.0623954,-118.4462712
"The UPS Store","907 Westwood Blvd., Los Angeles, CA 90024",34.0634429,-118.4456096
"Westwood Copies Inc.","1019 Gayley Ave., Suite 111, Los Angeles, CA 90024",34.0615802,-118.4478431
"LA Imprints","1036 Broxton Ave., Los Angeles, CA 90024",34.0617852,-118.4462681
"US Post Office Village Station","1001 Gayley Ave., #105, Los Angeles, CA 90024",34.0616316,-118.448026
"Aveda Institute","10935 Weyburn Ave., Los Angeles, CA 90024",34.0627369,-118.4465603
"Blueprint LSAT Preparation","937 Westwood Blvd, Los Angeles, CA 90024",34.063039,-118.4455534
"Course Reader Material","1080 Broxton Ave., Los Angeles, CA 90024",34.061247,-118.445875
"Kaplan Educational Center","1100 Glendon Ave., Los Angeles, CA 90024",34.0605878,-118.4437986
"Swartwood Prep","911 Westwood Blvd., Los Angeles, CA 90024",34.0634124,-118.4455678
"The Berkeley Review","1074 Gayley Ave., Los Angeles, CA 90024",34.06084,-118.446788
"The Princeton Review","923 Westwood Blvd., Los Angeles, CA 90024",34.0633539,-118.4478022
"Westwood Branch Library","1246 Glendon Ave., Los Angeles, CA 90024",34.0579224,-118.4418236
"Mentor Language Institute","10880 Wilshire Blvd, Suite 122, Los Angeles, CA 90024",34.058482,-118.443121
"Tutor Me LA","1093 Broxton Ave., #240, Los Angeles, CA 90024",34.0607769,-118.4460054
"Campus Shoe Repair","10909 Weyburn Ave., Los Angeles, CA 90024",34.0627371,-118.4457322
"Chevron Gas","10984 Le Conte Ave., Los Angeles, CA 90024",34.0633509,-118.4485621
"Float Lab","1025 Westwood Blvd., Los Angeles, CA 90024",34.062041,-118.445718
"Gary’s Custom Tailoring","1076 Glendon Ave., Los Angeles, CA 90024",34.0610099,-118.4442624
"LAX FlyAway Bus","11020 Kinross Ave., Los Angeles, CA 90024",34.0596046,-118.4477942
"Tower Cleaners","10880 Wilshire Blvd., #113, Los Angeles, CA 90024",34.0585179,-118.4429337
"Westwood Village Ambassadors","10887 Weyburn Ave., Los Angeles, CA 90024",34.0588444,-118.4421313
"Westwood Driving School","1093 Broxton Ave. #218, Los Angeles, CA 90024",34.0607344,-118.4459499
"Christian Science Reading Room","1125 Glendon Ave., Los Angeles, CA 90024",34.0603854,-118.4442438
"Jews for Jesus","10962 Le Conte Ave., Los Angeles, CA 90024",34.0635145,-118.4475063
"Westwood Village Synagogue","1148 Westwood Blvd., Los Angeles, CA 90024",34.0598454,-118.4445929
"Westwood Hills Christian Church","10808 Le Conte Ave., Los Angeles, CA 90024",34.0635325,-118.4417749
